<x:xmpmeta tsc:version="2.0.1" xmlns:x="adobe:ns:meta/" xmlns:tsc="http://www.techsmith.com/xmp/tsc/">
   <rdf:RDF xmlns:rdf="http://www.w3.org/1999/02/22-rdf-syntax-ns#" xmlns:xmp="http://ns.adobe.com/xap/1.0/" xmlns:xmpDM="http://ns.adobe.com/xmp/1.0/DynamicMedia/" xmlns:xmpG="http://ns.adobe.com/xap/1.0/g/" xmlns:xmpMM="http://ns.adobe.com/xap/1.0/mm/" xmlns:tscDM="http://www.techsmith.com/xmp/tscDM/" xmlns:tscIQ="http://www.techsmith.com/xmp/tscIQ/" xmlns:tscHS="http://www.techsmith.com/xmp/tscHS/" xmlns:stDim="http://ns.adobe.com/xap/1.0/sType/Dimensions#" xmlns:stFnt="http://ns.adobe.com/xap/1.0/sType/Font#" xmlns:exif="http://ns.adobe.com/exif/1.0" xmlns:dc="http://purl.org/dc/elements/1.1/">
      <rdf:Description dc:date="2025-01-09 09:26:48 PM" dc:source="Camtasia,9.0.4,enu" dc:title="module16_2" tscDM:firstFrame="module16_2_First_Frame.png" tscDM:originId="67823403-5526-4B23-8647-20BF45EAEF59" tscDM:project="module16_2">
         <xmpDM:duration xmpDM:scale="1/1000" xmpDM:value="201733"/>
         <xmpDM:videoFrameSize stDim:unit="pixel" stDim:h="900" stDim:w="1416"/>
         <tsc:langName>
            <rdf:Bag>
               <rdf:li xml:lang="en-US">English</rdf:li></rdf:Bag>
         </tsc:langName>
         <xmpDM:Tracks>
            <rdf:Bag>
               <rdf:li>
                  <rdf:Description xmpDM:trackType="Quiz" xmpDM:frameRate="f1000" xmpDM:trackName="Quiz" tscIQ:quizGuid="D5E7E1FF-27EE-4195-BAB5-69D94885275E" tscIQ:authoredEmail="S2hvaXRpZXVob2NAcGF0aHdheS5lZHUudm4=" tscIQ:requireUserId="0" tscIQ:locale="en-US" tscIQ:reportMethod="APIANDSCORM" tscIQ:allowSkipQuiz="0" tscIQ:clientId="1CDF22D874AC443FBBB68075B4AE31CD" tscIQ:hideReplay="0" tscIQ:quizHash="4de7622150f1a2ede0615c0d804cdc27">
                     <xmpDM:markers>
                        <rdf:Seq>
                           <rdf:li><rdf:Description xmpDM:startTime="194100" tscIQ:feedback="1" tscIQ:questionSetName="Quiz 2"><tscIQ:questions><rdf:Seq><rdf:li><rdf:Description tscIQ:type="SHORT" tscIQ:id="0"><tscIQ:question>Sắp xếp thứ tự các trường hợp sau theo thứ tự ưu tiên từ 1 đến 6.</tscIQ:question><tscIQ:correctAnswer/><tscIQ:answerArray/></rdf:Description></rdf:li></rdf:Seq></tscIQ:questions></rdf:Description></rdf:li></rdf:Seq>
                     </xmpDM:markers>
                     <tscIQ:QuizParams><rdf:Bag><rdf:li xmpDM:name="txtPrev" xmpDM:value="Quay lại"/><rdf:li xmpDM:name="txtNext" xmpDM:value="Đi tiếp"/><rdf:li xmpDM:name="txtAnswerQuestion" xmpDM:value="Trả lời câu hỏi"/><rdf:li xmpDM:name="txtSubmit" xmpDM:value="Trả lời"/><rdf:li xmpDM:name="txtReview" xmpDM:value="Xem lại"/><rdf:li xmpDM:name="txtReviewAnswer" xmpDM:value="Xem câu trả lời"/><rdf:li xmpDM:name="txtContinue" xmpDM:value="Tiếp tục"/></rdf:Bag></tscIQ:QuizParams></rdf:Description>
               </rdf:li>
            </rdf:Bag>
         </xmpDM:Tracks>
         <tscDM:controller>
            <rdf:Description xmpDM:name="tscplayer">
               <tscDM:parameters>
                  <rdf:Bag>
                     <rdf:li xmpDM:name="autohide" xmpDM:value="true"/><rdf:li xmpDM:name="autoplay" xmpDM:value="false"/><rdf:li xmpDM:name="loop" xmpDM:value="false"/><rdf:li xmpDM:name="searchable" xmpDM:value="false"/><rdf:li xmpDM:name="captionsenabled" xmpDM:value="false"/><rdf:li xmpDM:name="sidebarenabled" xmpDM:value="false"/><rdf:li xmpDM:name="unicodeenabled" xmpDM:value="false"/><rdf:li xmpDM:name="backgroundcolor" xmpDM:value="000000"/><rdf:li xmpDM:name="sidebarlocation" xmpDM:value="left"/><rdf:li xmpDM:name="endaction" xmpDM:value="stop"/><rdf:li xmpDM:name="endactionparam" xmpDM:value="true"/><rdf:li xmpDM:name="locale" xmpDM:value="en-US"/></rdf:Bag>
               </tscDM:parameters>
               <tscDM:controllerText>
                  <rdf:Bag>
                  </rdf:Bag>
               </tscDM:controllerText>
            </rdf:Description>
         </tscDM:controller>
         <tscDM:contentList>
            <rdf:Description>
               <tscDM:files>
                  <rdf:Seq>
                     <rdf:li xmpDM:name="0" xmpDM:value="module16_2.mp4"/><rdf:li xmpDM:name="1" xmpDM:value="module16_2.zip"/><rdf:li xmpDM:name="2" xmpDM:value="module16_2_First_Frame.png"/></rdf:Seq>
               </tscDM:files>
            </rdf:Description>
         </tscDM:contentList>
      </rdf:Description>
   </rdf:RDF>
</x:xmpmeta>